datetime_utc,hydraulic_71,hydraulic_36,hydraulic_1,solar_14,wind_12,nuclear_39,nuclear_4,nuclear_74,peninsula_forecast_460,scheduled_demand_365,scheduled_demand_358,scheduled_demand_372,daily_spot_market_600_Espa√±a,daily_spot_market_600_Portugal,average_demand_price_573_Baleares,average_demand_price_573_Canarias,average_demand_price_573_Ceuta,average_demand_price_573_Melilla
2025-03-16 00:00:00+00:00,1778.85,6813.4,7202.6,3.0,5590.5,7101.1,7101.1,1775.275,23384.0,5015.575,19474.0,19723.8,70.0,70.0,67.49,68.62,77.53,77.59
2025-03-16 01:00:00+00:00,1569.4,6265.8,6679.0,3.0,5470.5,7102.1,7102.1,1775.525,22049.0,4752.3,18458.9,18690.9,65.0,65.0,62.93,64.27,70.63,70.95
2025-03-16 02:00:00+00:00,1388.275,5511.4,5925.0,3.0,5406.1,7100.1,7100.1,1775.025,21038.0,4634.475,17900.6,18151.6,65.0,65.0,60.64,62.51,66.42,66.92
2025-03-16 03:00:00+00:00,1376.75,5454.9,5869.5,3.0,5315.5,7102.1,7102.1,1775.525,20688.0,4564.45,17651.9,17883.0,63.02,63.02,60.23,63.11,66.35,69.24
2025-03-16 04:00:00+00:00,1382.4,5478.3,5895.1,3.0,5185.0,7101.1,7101.1,1775.275,20801.0,4548.3,17651.6,17909.7,65.0,65.0,61.28,63.92,65.96,69.35
2025-03-16 05:00:00+00:00,1380.625,5490.7,5908.1,0.3,5109.0,7102.1,7102.1,1775.525,21317.0,4648.875,18159.6,18345.2,65.0,65.0,64.25,67.24,66.13,72.41
2025-03-16 06:00:00+00:00,1329.125,5286.4,5705.5,406.3,4872.3,7101.1,7101.1,1775.275,21645.0,4751.325,18590.8,18773.8,67.8,67.8,67.59,69.13,64.3,70.31
2025-03-16 07:00:00+00:00,1295.9,4909.6,5327.9,3188.9,4614.1,7101.1,7101.1,1775.275,21983.0,4870.425,19383.0,19417.5,60.35,60.35,74.35,74.86,62.6,68.62
2025-03-16 08:00:00+00:00,1162.2,4687.2,4971.0,7518.6,4453.1,7101.1,7101.1,1775.275,23123.0,5179.7,20556.8,20643.6,40.5,40.5,78.05,79.21,64.37,71.76
2025-03-16 09:00:00+00:00,1127.225,4532.0,4778.3,10614.7,4411.8,7101.1,7101.1,1775.275,24313.0,5426.1,21441.6,21598.8,25.3,25.3,77.25,77.88,68.6,71.55
2025-03-16 10:00:00+00:00,1179.6,4422.6,4654.8,12234.5,4573.0,7101.1,7101.1,1775.275,25309.0,5503.95,21756.9,21984.0,11.06,11.06,77.45,76.56,73.15,76.3
2025-03-16 11:00:00+00:00,1026.675,4242.9,4274.4,13124.1,5037.4,7102.1,7102.1,1775.525,25290.0,5582.025,22202.5,22331.9,10.52,10.52,76.77,76.6,76.8,79.09
2025-03-16 12:00:00+00:00,1017.3,4240.5,4271.4,13280.6,5516.4,7101.1,7101.1,1775.275,25720.0,5663.15,22662.7,22644.7,11.37,11.37,75.35,77.69,82.48,82.18
2025-03-16 13:00:00+00:00,1029.1,4228.5,4266.8,13246.7,5879.6,7101.1,7101.1,1775.275,26544.0,5643.1,22492.9,22496.7,9.94,9.94,76.05,77.57,85.12,85.97
2025-03-16 14:00:00+00:00,1041.825,4256.0,4296.7,12746.4,6006.6,7100.1,7100.1,1775.025,25538.0,5413.725,21595.7,21736.2,6.99,6.99,71.69,72.74,80.71,81.73
2025-03-16 15:00:00+00:00,1066.975,4322.0,4370.6,10970.4,6060.7,7102.1,7102.1,1775.525,25158.0,5382.1,21397.8,21515.9,25.3,25.3,77.55,78.05,79.79,83.7
2025-03-16 16:00:00+00:00,1246.0,5074.7,5134.4,7588.8,5812.1,7101.1,7101.1,1775.275,25539.0,5472.875,21867.8,21703.9,46.0,46.0,85.4,88.44,82.66,90.6
2025-03-16 17:00:00+00:00,1660.75,7401.5,7761.3,2937.5,5683.3,7101.1,7101.1,1775.275,26279.0,5771.325,22619.6,22585.7,82.93,82.93,92.74,94.06,91.78,94.08
2025-03-16 18:00:00+00:00,2092.775,8508.3,8859.3,359.4,5563.7,7101.1,7101.1,1775.275,28668.0,6259.5,23811.6,24161.7,140.0,140.0,105.32,103.42,99.96,95.37
2025-03-16 19:00:00+00:00,2118.625,8476.1,8808.2,183.5,5683.4,7102.1,7102.1,1775.525,30956.0,6513.3,25043.1,25530.9,130.43,130.43,107.88,105.95,98.67,97.64
2025-03-16 20:00:00+00:00,2053.225,8104.5,8435.7,3.0,5719.2,7101.1,7101.1,1775.275,31552.0,6542.725,25205.2,25551.9,113.31,113.31,102.35,98.63,99.29,98.93
2025-03-16 21:00:00+00:00,1967.6,7935.4,8261.9,3.0,5529.3,7101.1,7101.1,1775.275,30204.0,6164.475,23678.3,23908.0,107.05,107.05,91.53,88.94,94.03,92.91
2025-03-16 22:00:00+00:00,1900.775,7508.4,7873.4,3.0,5462.5,7101.1,7101.1,1775.275,27542.0,5661.825,21968.8,22114.9,89.0,89.0,81.57,81.73,88.68,87.58
2025-03-16 23:00:00+00:00,1692.925,6182.2,6576.6,3.0,5188.6,7100.8,7100.8,1775.2,25381.0,5354.275,20841.7,21417.7,83.55,83.55,84.68,88.85,101.53,99.53
2025-03-17 00:00:00+00:00,1523.55,5430.9,5814.5,3.0,5124.4,7099.8,7099.8,1774.95,23507.0,5050.4,19756.8,20102.1,71.26,71.26,77.05,82.37,92.7,92.24
2025-03-17 01:00:00+00:00,1302.525,4721.3,5103.5,3.0,5084.8,7100.8,7100.8,1775.2,22343.0,4886.35,19088.2,19500.1,74.66,74.66,71.84,77.25,82.63,81.35
2025-03-17 02:00:00+00:00,1276.6,4676.7,5098.6,3.0,5015.9,7099.8,7099.8,1774.95,21850.0,4811.8,18789.6,19088.5,71.26,71.26,71.39,77.53,84.03,82.87
2025-03-17 03:00:00+00:00,1282.925,4676.9,5102.0,3.0,5125.4,7100.8,7100.8,1775.2,21759.0,4829.55,18895.5,19217.2,71.26,71.26,70.96,77.63,83.8,81.21
2025-03-17 04:00:00+00:00,1298.575,4932.5,5352.4,3.0,5424.3,7099.8,7099.8,1774.95,22224.0,5083.7,19878.3,20199.6,69.6,69.6,78.29,87.06,95.34,97.52
2025-03-17 05:00:00+00:00,1567.45,6720.2,7137.9,0.3,5680.0,7099.8,7099.8,1774.95,24846.0,5839.025,22862.4,23130.8,79.99,74.66,89.34,96.82,97.4,97.23
2025-03-17 06:00:00+00:00,1710.8,7749.6,8610.3,496.0,6045.4,7099.8,7099.8,1774.95,29160.0,6653.325,25347.8,26053.5,136.01,75.85,110.68,112.36,100.02,95.85
2025-03-17 07:00:00+00:00,2037.325,7716.2,8623.9,2461.0,6204.7,7100.8,7100.8,1775.2,32230.0,7147.675,27285.5,28072.0,137.01,92.16,121.2,120.53,108.36,104.57
2025-03-17 08:00:00+00:00,1836.625,7211.0,7793.1,5520.9,6171.4,7099.8,7099.8,1774.95,33336.0,7338.25,28300.7,28748.4,99.0,99.0,120.26,119.74,107.52,106.02
2025-03-17 09:00:00+00:00,1661.65,6593.2,7157.6,8066.3,5823.6,7099.8,7099.8,1774.95,33434.0,7365.9,28846.1,29295.3,81.1,81.1,120.04,116.6,110.21,108.76
2025-03-17 10:00:00+00:00,1366.8,5589.7,6032.1,9564.2,5934.5,7100.8,7100.8,1775.2,32853.0,7303.975,28818.2,29008.8,70.07,70.07,121.59,122.41,118.97,129.26
2025-03-17 11:00:00+00:00,1210.5,5138.0,5489.1,10140.1,6497.8,7100.8,7100.8,1775.2,32935.0,7238.125,28887.6,28706.7,58.9,58.9,119.48,115.22,117.94,119.53
2025-03-17 12:00:00+00:00,1184.725,4929.4,5231.5,10138.4,6972.4,7099.8,7099.8,1774.95,32591.0,7214.775,28952.1,28660.6,50.24,50.24,118.22,116.3,124.4,121.81
2025-03-17 13:00:00+00:00,1304.075,4921.8,5225.3,9476.7,7529.9,7100.8,7100.8,1775.2,32666.0,7079.7,28300.0,28010.4,50.24,50.24,117.35,118.18,127.83,127.34
2025-03-17 14:00:00+00:00,1225.05,4896.6,5242.6,8562.9,7662.7,7099.8,7099.8,1774.95,32192.0,6976.575,27780.9,27589.9,60.34,60.34,113.53,114.19,118.3,121.16
2025-03-17 15:00:00+00:00,1231.025,5250.5,5662.9,6777.3,7740.7,7100.8,7100.8,1775.2,31774.0,6945.125,27512.9,27432.4,68.1,68.1,112.31,110.45,111.79,112.99
2025-03-17 16:00:00+00:00,1337.825,6694.2,7130.0,4347.0,7942.5,7101.8,7101.8,1775.45,31687.0,6996.625,27307.9,27441.5,80.67,80.67,118.16,116.69,115.98,118.71
2025-03-17 17:00:00+00:00,1912.5,7968.8,8358.4,1598.1,8719.4,7100.8,7100.8,1775.2,32312.0,7041.625,26828.6,27383.1,111.93,111.93,127.24,124.35,123.67,131.16
2025-03-17 18:00:00+00:00,2114.3,8554.2,9178.5,267.3,9318.2,7100.8,7100.8,1775.2,34323.0,7468.125,28371.8,28656.7,170.0,170.0,143.06,139.96,135.73,138.23
2025-03-17 19:00:00+00:00,2167.675,8558.9,9168.8,92.3,9882.2,7100.8,7100.8,1775.2,36541.0,7692.275,29128.6,29922.5,141.5,141.5,144.49,140.65,132.69,135.13
2025-03-17 20:00:00+00:00,2008.55,8257.7,8639.3,3.2,10205.6,7101.8,7101.8,1775.45,36153.0,7454.15,28506.5,29012.0,110.96,110.96,134.23,129.94,128.67,134.22
2025-03-17 21:00:00+00:00,1925.75,7962.2,8339.1,3.2,10448.0,7099.8,7099.8,1774.95,33387.0,6810.625,26017.8,26316.6,104.18,104.18,117.49,113.56,116.34,122.96
2025-03-17 22:00:00+00:00,1733.3,7082.0,7625.8,3.2,10466.2,7100.8,7100.8,1775.2,29829.0,6231.375,24349.4,24403.2,75.85,75.85,98.62,97.4,101.58,108.86
2025-03-17 23:00:00+00:00,1669.925,6694.2,6865.4,3.2,10515.8,7097.0,7097.0,1774.075,27164.0,5785.9,22899.9,23135.4,70.79,70.79,62.88,65.0,70.12,70.41
2025-03-18 00:00:00+00:00,1586.125,5788.0,6748.5,3.2,10686.2,7098.0,7098.0,1774.325,25330.0,5453.35,21972.0,21902.5,40.3,40.3,56.42,59.46,63.38,68.64
2025-03-18 01:00:00+00:00,1448.225,5381.2,6326.9,3.2,10707.2,7098.0,7098.0,1774.325,23802.0,5243.0,21207.0,21017.2,37.84,37.84,52.61,55.95,57.75,61.46
2025-03-18 02:00:00+00:00,1381.75,5464.4,5585.5,3.2,10798.1,7097.0,7097.0,1774.075,23148.0,5149.5,20839.6,20782.0,40.0,40.0,51.29,54.78,55.2,58.64
2025-03-18 03:00:00+00:00,1390.725,5485.9,5566.1,3.2,10736.9,7098.0,7098.0,1774.325,22835.0,5130.125,20734.8,20680.0,39.8,39.8,52.66,57.19,57.18,66.32
2025-03-18 04:00:00+00:00,1412.85,5393.4,6340.4,3.0,10844.3,7098.0,7098.0,1774.325,23014.0,5309.975,21407.7,21236.9,38.31,38.31,54.46,58.39,60.45,64.84
2025-03-18 05:00:00+00:00,1464.85,6128.4,7088.9,200.4,10933.4,7098.0,7098.0,1774.325,25423.0,5981.35,23834.5,23749.8,54.23,54.23,64.62,68.28,63.75,70.29
2025-03-18 06:00:00+00:00,1514.525,7354.5,7795.1,409.6,10813.8,7098.0,7098.0,1774.325,28877.0,6734.125,26725.7,26731.4,78.87,78.87,79.7,80.13,70.49,75.66
2025-03-18 07:00:00+00:00,1740.95,7647.7,8092.7,1984.6,10630.8,7098.0,7098.0,1774.325,31755.0,7207.575,28225.6,28395.2,94.14,94.14,85.71,85.02,76.72,74.7
2025-03-18 08:00:00+00:00,1779.75,7213.7,7668.5,4952.0,10649.5,7098.0,7098.0,1774.325,34418.0,7341.9,29193.8,29174.2,72.65,72.65,83.7,84.8,77.8,75.36
2025-03-18 09:00:00+00:00,1464.2,5913.7,6831.7,7654.9,10746.8,7097.0,7097.0,1774.075,32257.0,7365.925,29768.2,29656.2,37.84,37.84,81.51,81.07,78.39,76.91
2025-03-18 10:00:00+00:00,1243.4,4976.6,5442.1,9294.7,10989.3,7099.0,7099.0,1774.575,31916.0,7295.55,29645.0,29418.8,12.84,12.84,82.73,80.96,84.08,83.78
2025-03-18 11:00:00+00:00,1157.6,4678.4,5146.0,10511.9,11835.1,7097.0,7097.0,1774.075,32526.0,7254.125,29369.8,29113.0,20.2,20.2,80.14,79.7,85.31,85.42
2025-03-18 12:00:00+00:00,1191.2,4675.8,5140.8,10698.9,11541.7,7098.0,7098.0,1774.325,32412.0,7176.1,29185.9,28937.0,5.19,5.19,82.13,85.62,98.57,104.72
2025-03-18 13:00:00+00:00,1194.35,4664.9,5080.1,10778.3,11701.1,7096.0,7096.0,1773.825,32426.0,7060.0,28698.2,28518.6,6.03,6.03,80.15,80.19,94.34,94.97
2025-03-18 14:00:00+00:00,1187.55,4665.5,5086.4,10548.7,11921.3,7097.0,7097.0,1774.075,31831.0,6948.35,28174.1,28010.4,24.59,24.59,76.23,75.72,81.62,82.68
2025-03-18 15:00:00+00:00,1211.275,4802.7,5223.1,9444.0,11597.5,7096.0,7096.0,1773.825,31382.0,6940.3,28031.4,27902.2,33.0,33.0,76.87,76.2,77.1,79.03
2025-03-18 16:00:00+00:00,1381.05,5761.9,6211.4,6989.2,11311.9,7097.0,7097.0,1774.075,31607.0,7020.925,28073.1,28085.9,41.89,41.89,80.85,82.16,85.19,88.29
2025-03-18 17:00:00+00:00,1589.25,7292.5,7782.8,2891.9,11147.6,7097.0,7097.0,1774.075,32110.0,7080.5,27979.0,28109.3,72.0,72.0,89.26,90.39,90.1,95.45
2025-03-18 18:00:00+00:00,1838.9,8498.9,9024.5,564.0,10984.1,7097.0,7097.0,1774.075,33868.0,7355.675,28221.9,28865.5,150.79,150.79,103.7,102.86,99.15,97.06
2025-03-18 19:00:00+00:00,1846.75,8438.5,8912.6,109.6,10835.6,7097.0,7097.0,1774.075,35985.0,7586.75,29173.5,29971.7,136.97,136.97,105.49,104.35,96.86,94.97
2025-03-18 20:00:00+00:00,2029.65,8056.4,8530.6,3.1,10482.3,7097.0,7097.0,1774.075,36089.0,7362.15,28397.3,29021.5,105.69,105.69,96.75,94.5,91.27,93.3
2025-03-18 21:00:00+00:00,1944.9,7586.5,8055.2,3.1,10241.1,7097.0,7097.0,1774.075,33014.0,6724.65,26208.5,26537.9,90.95,90.95,84.06,82.86,85.39,86.97
2025-03-18 22:00:00+00:00,1613.85,6622.0,7074.9,3.1,10029.9,7097.0,7097.0,1774.075,28987.0,6125.75,23998.0,24337.1,79.43,79.43,72.46,73.33,75.81,76.17
2025-03-18 23:00:00+00:00,1722.95,6071.0,6622.3,0.1,9096.7,6832.4,6832.4,1696.675,26811.0,5732.7,22830.2,22877.8,46.68,46.68,42.52,42.13,43.75,48.61
2025-03-19 00:00:00+00:00,1486.75,4977.7,5217.0,0.1,9066.5,6568.3,6568.3,1595.675,24423.0,5421.575,21447.6,21560.5,44.02,44.02,40.35,40.03,41.4,49.02
2025-03-19 01:00:00+00:00,1354.35,4747.3,4985.7,0.1,9043.8,6304.0,6304.0,1595.675,23825.0,5210.6,20703.0,20807.2,39.92,39.92,38.63,38.49,39.98,48.03
2025-03-19 02:00:00+00:00,1257.9,4621.2,4859.6,0.1,8960.0,5759.0,5759.0,1592.825,23175.0,5106.25,20330.4,20383.0,35.01,35.01,33.11,34.55,34.44,37.76
2025-03-19 03:00:00+00:00,1213.6,4628.8,4875.6,0.1,8978.6,5708.7,5223.4,1592.175,22755.0,5091.1,20246.7,20336.0,35.01,35.01,36.18,37.31,37.6,46.1
2025-03-19 04:00:00+00:00,1193.425,4514.2,4792.8,3.1,9124.5,5623.1,4948.1,1592.175,22930.0,5236.025,20788.2,20954.6,35.0,35.0,33.71,36.07,36.42,38.31
2025-03-19 05:00:00+00:00,1336.525,5354.7,5538.8,57.5,9377.0,6039.7,6039.7,1594.925,25054.0,5825.775,23156.0,23508.1,75.0,20.68,41.04,44.09,38.66,39.02
2025-03-19 06:00:00+00:00,1640.575,7259.7,7690.9,713.0,9740.7,6039.7,6039.7,1594.925,29066.0,6533.9,25964.6,26351.9,117.38,29.42,52.19,54.7,44.52,39.49
2025-03-19 07:00:00+00:00,1432.325,5832.7,6294.0,4924.2,10153.7,6024.7,6024.7,1579.175,31939.0,6957.675,27855.8,28040.1,35.01,31.29,49.95,49.8,43.61,38.81
2025-03-19 08:00:00+00:00,1105.5,4279.7,4935.6,10745.2,10641.8,5943.7,3988.7,1454.85,32567.0,7043.075,28137.3,28202.6,20.19,20.19,49.43,49.5,43.54,44.14
2025-03-19 09:00:00+00:00,899.55,3659.9,3901.0,14292.6,11126.3,5943.7,3988.7,1439.425,32472.0,7018.325,27808.7,28090.0,6.0,6.0,47.96,47.0,43.63,43.57
2025-03-19 10:00:00+00:00,861.85,3472.2,3641.6,15457.3,9566.0,5943.7,3988.7,1414.425,31778.0,6881.875,27408.4,27472.8,0.22,0.22,47.18,46.25,46.06,45.96
2025-03-19 11:00:00+00:00,823.275,2945.7,3116.6,15194.0,9835.5,5943.7,3988.7,1409.675,31423.0,6862.5,27154.7,27212.5,0.0,0.0,45.23,45.04,46.78,45.44
2025-03-19 12:00:00+00:00,761.2,2524.3,2694.7,15066.2,9959.6,5943.7,3988.7,1409.675,31538.0,6811.525,26981.5,27024.9,0.0,0.0,45.61,46.19,49.3,48.1
2025-03-19 13:00:00+00:00,956.725,3316.6,3486.2,15618.8,11348.1,5943.7,3988.7,1409.675,31111.0,6738.225,26625.9,26670.2,0.0,0.0,64.78,59.27,59.74,64.39
2025-03-19 14:00:00+00:00,818.5,3333.5,3503.2,14653.3,11791.6,5943.7,3988.7,1409.675,30676.0,6613.2,26134.4,26174.8,0.0,0.0,50.07,47.81,49.11,51.05
2025-03-19 15:00:00+00:00,857.525,3480.2,3649.1,13049.8,12251.2,5943.7,3988.7,1409.675,28881.0,6609.5,25886.6,26032.0,0.1,0.1,44.33,43.87,44.73,43.42
2025-03-19 16:00:00+00:00,902.65,3636.8,3839.7,9428.4,15683.8,5943.7,3988.7,1409.675,28726.0,6682.8,26638.5,26706.3,3.6,3.6,49.27,48.06,48.19,49.47
2025-03-19 17:00:00+00:00,1124.15,4471.5,4838.2,3384.7,16407.9,5943.7,3988.7,1409.675,29451.0,6802.45,27227.4,27316.7,31.1,31.1,55.71,53.96,55.01,54.52
2025-03-19 18:00:00+00:00,1464.175,6566.2,7001.1,256.3,16680.8,6039.7,6039.7,1412.425,30381.0,7202.675,29007.9,28946.9,36.68,36.68,59.93,58.06,58.79,57.56
2025-03-19 19:00:00+00:00,1573.175,6686.2,7401.8,4.1,17142.1,6039.7,6039.7,1412.425,34095.0,7467.2,29896.6,29845.5,52.96,52.96,60.78,60.24,55.96,55.95
2025-03-19 20:00:00+00:00,1489.2,6603.5,7038.2,4.1,17688.2,6039.7,6039.7,1413.275,34814.0,7266.5,28904.7,28937.7,38.26,38.26,58.97,57.14,55.92,58.37
2025-03-19 21:00:00+00:00,1395.0,6196.2,6828.7,4.1,18280.9,5943.7,3988.7,1409.675,32042.0,6700.925,26529.4,26649.7,30.34,30.34,50.98,49.84,50.52,53.45
2025-03-19 22:00:00+00:00,1124.575,4458.9,5096.8,12.3,18809.6,5943.7,3988.7,1409.675,27835.0,6102.575,24219.0,24235.8,16.09,16.09,44.32,43.03,44.7,50.23
2025-03-19 23:00:00+00:00,1071.35,4474.4,4484.9,0.1,19682.8,3591.7,3591.7,1408.125,25307.0,5742.125,22540.4,22919.5,7.89,7.89,39.09,38.1,39.46,48.6
2025-03-20 00:00:00+00:00,892.8,2789.3,2799.8,0.1,19976.1,3591.7,3591.7,1408.125,23902.0,5436.85,21307.6,21698.5,6.0,6.0,30.76,30.93,31.44,35.45
2025-03-20 01:00:00+00:00,782.1,2745.5,2756.0,0.1,18517.3,3591.7,3591.7,1408.125,22651.0,5235.875,20547.2,20858.2,3.52,3.52,27.0,27.77,28.37,28.89
2025-03-20 02:00:00+00:00,819.875,2710.4,2720.9,0.1,17540.8,3591.7,3591.7,1408.125,22173.0,5124.775,20146.2,20443.2,3.52,3.52,26.28,27.21,27.43,28.11
2025-03-20 03:00:00+00:00,818.975,2671.8,2682.3,0.1,17389.2,3592.7,3592.7,1408.375,21149.0,5128.325,20174.2,20494.5,3.52,3.52,26.22,27.39,27.54,28.31
2025-03-20 04:00:00+00:00,777.775,2671.1,2681.6,0.1,18476.7,3591.7,3591.7,1408.125,21309.0,5321.65,21044.5,21348.8,3.52,3.52,27.38,28.75,29.64,30.24
2025-03-20 05:00:00+00:00,786.25,2819.5,2830.0,224.5,20046.7,3592.7,3592.7,1408.375,23569.0,5977.7,23809.5,24191.6,6.0,6.0,32.18,33.17,30.66,32.02
2025-03-20 06:00:00+00:00,1103.9,4847.6,5261.2,562.2,19845.6,3591.7,3591.7,1408.125,27527.0,6727.75,27004.9,27319.4,9.7,9.7,38.67,37.4,33.22,33.68
2025-03-20 07:00:00+00:00,1153.125,4732.1,5349.8,2708.3,19757.0,5547.7,3592.7,1408.375,29660.0,7175.7,28632.3,28902.1,14.0,14.0,43.54,42.76,39.4,42.74
2025-03-20 08:00:00+00:00,1119.65,4507.8,4922.5,6209.8,18867.1,5546.7,3591.7,1408.125,32005.0,7237.825,28828.0,29141.0,5.0,5.0,41.4,41.43,37.61,40.35
2025-03-20 09:00:00+00:00,999.475,4340.6,4351.1,9041.2,16766.7,5547.7,3592.7,1408.375,30961.0,7163.125,28252.6,28590.0,3.52,3.52,39.75,39.87,37.68,37.21
2025-03-20 10:00:00+00:00,870.45,3003.2,3049.6,10900.6,14849.2,5546.7,3591.7,1408.125,31306.0,7115.95,27951.9,28275.2,3.42,3.42,39.66,39.31,39.36,38.83
2025-03-20 11:00:00+00:00,845.625,2787.3,2829.6,11586.6,13952.1,5546.7,3591.7,1408.125,30324.0,7044.2,27812.6,28047.2,0.43,0.43,39.8,39.06,40.45,40.28
2025-03-20 12:00:00+00:00,835.65,2804.6,2845.5,12062.7,13637.0,5545.7,3590.7,1407.875,30456.0,6991.45,27652.8,27874.9,0.65,0.65,47.85,41.99,44.96,50.48
2025-03-20 13:00:00+00:00,661.35,2778.0,2829.3,12004.0,15880.8,5544.7,3589.7,1407.625,30978.0,6921.4,27257.2,27579.9,3.52,3.52,43.95,40.98,44.28,45.99
2025-03-20 14:00:00+00:00,704.4,2839.0,2858.3,10918.2,16391.0,5544.7,3589.7,1407.625,30289.0,6821.4,26865.3,27242.9,6.09,6.09,40.46,39.35,40.46,41.09
2025-03-20 15:00:00+00:00,919.05,2811.5,3302.6,8762.4,15944.0,5545.7,3590.7,1407.875,29838.0,6778.85,26597.8,27034.3,15.47,15.47,42.83,40.92,40.3,42.41
2025-03-20 16:00:00+00:00,1037.375,4255.8,4871.9,5744.5,14961.7,5545.7,4105.4,1407.875,29696.0,6905.6,27259.3,27473.6,35.0,35.0,44.46,44.2,42.06,44.11
2025-03-20 17:00:00+00:00,1365.825,5731.1,6191.7,2150.0,14332.2,5640.7,5640.7,1410.175,30152.0,7046.5,27664.8,27914.5,62.96,62.96,50.92,50.04,48.44,48.0
2025-03-20 18:00:00+00:00,1748.35,7333.1,7797.4,379.3,14363.0,5640.7,5640.7,1410.175,32689.0,7316.2,28541.8,28882.0,101.6,101.6,55.8,56.09,53.54,51.34
2025-03-20 19:00:00+00:00,1721.725,6835.7,7297.1,12.3,14646.3,5641.7,5641.7,1410.425,34331.0,7488.4,29670.4,29946.4,93.74,93.74,59.64,58.98,52.98,52.48
2025-03-20 20:00:00+00:00,1557.35,6616.5,7077.3,4.1,15022.3,5641.7,5641.7,1410.425,35267.0,7304.425,28842.5,29051.2,63.99,63.99,56.61,54.99,52.66,53.3
2025-03-20 21:00:00+00:00,1446.625,6193.2,6658.2,4.1,15109.1,5640.7,5640.7,1410.175,31985.0,6810.925,26602.6,26861.1,50.21,50.21,50.4,49.36,50.25,49.35
2025-03-20 22:00:00+00:00,1188.35,5355.2,5805.0,4.1,15024.3,5641.7,5641.7,1410.425,28228.0,6185.775,24024.7,24290.5,41.34,41.34,50.86,48.57,50.44,55.71
2025-03-20 23:00:00+00:00,1129.575,4821.7,5401.3,4.1,16180.7,4267.7,3592.7,1408.375,26208.0,5778.7,22387.6,22983.8,16.74,16.74,24.97,26.07,26.89,27.79
2025-03-21 00:00:00+00:00,1044.7,4638.6,5148.0,4.1,15713.1,4267.7,3592.7,1408.375,24527.0,5464.45,21138.1,21683.7,9.2,9.2,21.26,22.56,23.06,22.54
2025-03-21 01:00:00+00:00,965.9,4052.5,4564.7,4.1,15228.0,4267.7,3592.7,1408.375,22916.0,5207.075,20072.1,20538.2,5.7,5.7,19.92,21.43,21.14,20.27
2025-03-21 02:00:00+00:00,961.825,3881.8,4364.3,4.1,14715.2,4267.7,3592.7,1408.375,22507.0,5123.4,19740.2,20222.6,4.2,4.2,19.6,21.01,20.29,20.16
2025-03-21 03:00:00+00:00,944.7,3863.3,4345.3,4.1,14544.9,4267.7,3592.7,1408.375,22126.0,5108.225,19752.4,20195.3,3.52,3.52,19.61,21.14,20.27,20.12
2025-03-21 04:00:00+00:00,941.9,3857.5,4329.1,4.1,15140.2,4267.7,3592.7,1408.375,22315.0,5287.4,20463.3,20960.3,4.2,4.2,20.57,22.29,21.24,21.31
2025-03-21 05:00:00+00:00,1013.675,4049.9,4588.8,246.1,16280.1,4268.7,3593.7,1408.625,24159.0,5925.7,23108.9,23656.7,8.85,8.85,23.81,25.44,22.77,23.26
2025-03-21 06:00:00+00:00,1141.25,4687.5,5404.0,678.7,17106.6,5546.7,3591.7,1408.125,28339.0,6673.2,26455.6,26675.0,17.0,15.46,30.01,30.07,25.91,27.53
2025-03-21 07:00:00+00:00,1177.275,4661.2,5244.3,3652.1,17675.2,5548.7,3593.7,1408.625,31715.0,7129.45,28030.5,28456.6,10.6,10.6,30.35,30.79,26.81,27.76
2025-03-21 08:00:00+00:00,1088.175,4354.3,4896.9,7768.1,16667.4,5547.7,3592.7,1408.375,32519.0,7243.875,28044.4,28734.6,3.52,3.52,29.84,30.1,26.98,27.27
2025-03-21 09:00:00+00:00,926.325,3720.3,4237.1,10479.7,15410.7,5546.7,3591.7,1408.125,31836.0,7214.625,27936.2,28473.9,3.52,3.52,30.61,31.1,29.04,31.68
2025-03-21 10:00:00+00:00,905.5,3643.6,4186.1,11177.9,14982.9,5548.7,3593.7,1408.625,31396.0,7135.475,27475.7,27963.8,0.74,0.74,29.55,28.9,29.08,27.72
2025-03-21 11:00:00+00:00,867.65,3468.8,4010.1,11275.1,15308.1,5546.7,3591.7,1408.125,31364.0,7048.2,27146.7,27637.7,0.65,0.65,29.77,29.14,30.04,28.94
2025-03-21 12:00:00+00:00,862.375,3524.6,4067.6,10853.9,15514.0,5547.7,3592.7,1408.375,30418.0,6990.1,26925.6,27374.6,0.18,0.18,29.72,29.74,31.42,30.13
2025-03-21 13:00:00+00:00,857.2,3509.7,4052.5,10128.7,15633.5,5546.7,3591.7,1408.125,30125.0,6853.2,26379.3,26839.9,0.18,0.18,28.88,29.27,31.33,29.71
2025-03-21 14:00:00+00:00,867.45,3518.6,4062.1,9277.0,15630.9,5545.7,3590.7,1407.875,30021.0,6731.9,25894.5,26318.9,0.65,0.65,30.04,29.78,29.43,29.47
2025-03-21 15:00:00+00:00,895.925,3622.2,4171.4,7783.3,15562.0,5546.7,3591.7,1408.125,29236.0,6662.0,25659.0,26105.0,1.1,1.1,46.81,42.03,32.27,51.85
2025-03-21 16:00:00+00:00,988.5,3968.4,4604.3,5644.0,17862.7,5547.7,3592.7,1408.375,30037.0,6718.425,25932.9,26446.4,3.52,3.52,33.57,33.86,30.93,36.33
2025-03-21 17:00:00+00:00,1162.875,4859.7,5470.9,2355.0,18724.5,5532.8,3591.7,1408.125,30213.0,6873.8,26781.5,27192.1,9.5,9.5,51.26,50.67,50.38,56.29
2025-03-21 18:00:00+00:00,1410.35,5866.5,6500.2,436.6,18147.4,5547.7,3911.0,1408.375,32402.0,7184.55,28160.7,28435.1,35.0,35.0,37.79,37.8,36.24,35.58
2025-03-21 19:00:00+00:00,1617.75,6166.3,6557.1,12.9,17579.9,5643.7,5643.7,1410.925,32755.0,7287.075,28478.5,28646.4,40.0,40.0,40.72,40.97,36.91,40.3
2025-03-21 20:00:00+00:00,1849.775,6096.3,6565.2,4.7,17069.7,5587.7,5222.2,1408.375,33576.0,7071.075,27473.0,27668.4,35.01,35.01,39.54,39.59,37.08,40.64
2025-03-21 21:00:00+00:00,1626.725,5810.8,6455.5,4.7,16701.1,5546.7,3591.7,1408.125,30689.0,6520.175,25171.7,25568.7,29.42,29.42,33.41,33.99,33.8,34.79
2025-03-21 22:00:00+00:00,1333.325,5252.5,5810.5,4.7,16673.3,5522.4,3592.7,1408.375,28337.0,6047.85,23250.7,23626.4,15.0,15.0,26.36,26.97,26.5,26.19
2025-03-21 23:00:00+00:00,1307.125,5441.7,6048.1,4.7,15225.2,4987.2,3584.2,1406.25,25992.0,5653.4,21569.3,22205.1,3.52,3.52,31.05,55.01,32.84,43.74
2025-03-22 00:00:00+00:00,1228.925,4914.2,5403.4,337.3,13600.0,4988.2,3585.2,1406.5,24246.0,5334.625,20272.3,20863.1,3.52,3.52,25.94,27.42,28.04,34.23
2025-03-22 01:00:00+00:00,1200.625,4705.4,5287.2,337.3,13087.6,4987.2,3584.2,1406.25,22571.0,5066.4,19245.2,19856.6,1.0,1.0,21.86,23.05,23.39,24.69
2025-03-22 02:00:00+00:00,1041.125,4236.8,4831.8,337.3,12772.0,4987.2,3584.2,1406.25,21865.0,4928.3,18696.1,19307.9,0.5,0.5,24.57,26.34,26.7,35.81
2025-03-22 03:00:00+00:00,1036.975,4189.2,4766.1,337.3,12660.2,4988.2,3585.2,1406.5,21322.0,4848.375,18357.0,18916.8,0.5,0.5,20.89,22.13,22.23,23.51
2025-03-22 04:00:00+00:00,1030.875,4117.4,4676.1,337.3,12769.7,4986.2,3583.2,1406.0,20849.0,4837.9,18365.3,18925.3,1.0,1.0,21.03,22.14,22.87,23.15
2025-03-22 05:00:00+00:00,1137.775,4774.1,5322.9,337.3,12571.7,4988.2,3585.2,1406.5,21496.0,5007.425,19234.6,19681.0,0.65,0.65,22.83,23.51,22.24,23.28
2025-03-22 06:00:00+00:00,1258.925,5198.7,5739.0,994.7,12417.4,4987.2,3584.2,1406.25,23158.0,5197.975,20145.5,20505.4,0.5,0.5,25.29,25.47,22.38,24.06
2025-03-22 07:00:00+00:00,1155.3,4692.0,5202.3,4327.4,12339.8,5533.2,3585.2,1406.5,23371.0,5404.4,21217.2,21448.2,0.1,0.1,27.79,29.19,22.43,25.03
2025-03-22 08:00:00+00:00,966.9,4100.6,4595.8,7846.6,12696.7,5532.2,3584.2,1406.25,25271.0,5752.7,22651.9,22903.7,0.0,0.0,28.54,28.42,23.29,24.51
2025-03-22 09:00:00+00:00,938.15,3942.4,4345.5,9648.8,11984.1,5532.2,3584.2,1406.25,26279.0,5959.075,23014.2,23465.9,0.0,0.0,29.48,29.29,25.32,26.74
2025-03-22 10:00:00+00:00,893.625,3840.2,4290.4,10208.2,11497.8,5532.2,3584.2,1406.25,27528.0,5983.15,22990.0,23488.7,0.0,0.0,28.75,28.63,26.79,26.7
2025-03-22 11:00:00+00:00,850.625,3818.8,4277.2,10515.0,11210.1,5532.2,3584.2,1406.25,25947.0,5932.45,22787.4,23345.6,0.0,0.0,28.12,28.6,27.84,27.39
2025-03-22 12:00:00+00:00,836.025,3820.8,4274.4,10909.1,11134.2,5532.2,3584.2,1406.25,27005.0,5960.05,22854.5,23440.3,0.0,0.0,28.04,29.42,29.52,28.66
2025-03-22 13:00:00+00:00,842.925,3823.3,4280.5,10889.5,10710.4,5532.2,3584.2,1406.25,26984.0,5874.25,22488.2,23065.2,0.0,0.0,27.77,29.57,30.06,30.08
2025-03-22 14:00:00+00:00,884.9,3876.5,4276.6,10531.5,10289.1,5531.2,3583.2,1406.0,25956.0,5726.325,21909.2,22390.3,-0.01,-0.01,28.53,28.72,29.06,29.2
2025-03-22 15:00:00+00:00,909.95,3814.3,4326.4,9880.1,10395.1,5532.2,3584.2,1406.25,25082.0,5627.575,21613.1,22111.6,0.0,0.0,27.88,27.86,27.48,27.63
2025-03-22 16:00:00+00:00,939.925,4012.3,4445.1,7969.2,11082.8,5532.2,3584.2,1406.25,24807.0,5674.625,21923.7,22438.1,0.65,0.65,30.96,29.83,28.77,30.84
2025-03-22 17:00:00+00:00,1104.4,4749.6,5310.2,3540.7,13411.1,5532.2,3584.2,1406.25,25858.0,5856.325,23128.5,23469.7,10.5,10.5,44.03,39.62,35.84,45.96
2025-03-22 18:00:00+00:00,1428.425,6464.1,6725.4,688.3,12699.0,5636.2,5636.2,1409.05,28043.0,6208.75,24883.5,24899.0,40.0,40.0,38.26,37.65,37.1,37.6
2025-03-22 19:00:00+00:00,1758.875,7177.5,7385.0,37.4,12150.1,5635.2,5635.2,1408.8,28921.0,6314.025,24935.1,25155.5,76.01,76.01,40.17,40.67,35.47,31.91
2025-03-22 20:00:00+00:00,1779.95,6845.5,7053.6,15.2,11889.9,5636.2,5636.2,1409.05,30834.0,6304.25,24794.1,24917.6,52.05,52.05,36.92,37.12,34.31,31.8
2025-03-22 21:00:00+00:00,1753.3,6568.5,6800.9,12.2,11775.9,5634.2,5634.2,1408.55,28691.0,5949.625,23181.7,23299.2,43.9,43.9,38.65,39.99,37.06,43.58
2025-03-22 22:00:00+00:00,1672.1,5683.4,5808.7,12.2,11617.5,5579.1,5579.1,1406.5,26313.0,5562.85,21599.7,21853.3,35.01,35.01,32.22,33.24,32.05,35.3
2025-03-22 23:00:00+00:00,1470.325,5658.3,6389.8,12.2,11679.6,5399.6,5399.6,1407.25,24679.0,5195.85,19978.6,20583.1,35.01,35.01,52.73,53.25,56.05,58.63
2025-03-23 00:00:00+00:00,1360.75,5244.2,6118.1,9.2,11714.6,4997.2,3594.2,1410.0,22954.0,4882.925,18591.4,19447.0,33.55,33.55,49.31,49.86,53.38,54.98
2025-03-23 01:00:00+00:00,1237.55,4955.9,5899.3,9.2,11853.6,5002.2,3599.2,1412.75,21211.0,4631.375,17638.5,18448.7,19.97,19.97,45.78,46.56,49.55,51.35
2025-03-23 02:00:00+00:00,1233.85,4902.5,5822.5,9.2,11953.2,5007.2,3604.2,1415.25,20451.0,4500.025,17290.3,17942.4,10.1,10.1,42.89,44.11,47.29,47.74
2025-03-23 03:00:00+00:00,1166.15,4668.8,5525.9,8.2,12089.1,5012.2,3609.2,1418.0,20086.0,4439.5,17100.4,17674.2,8.5,8.5,44.06,46.27,51.01,52.51
2025-03-23 04:00:00+00:00,1115.425,4417.9,5258.0,8.2,12091.1,5017.2,3614.2,1420.5,20026.0,4453.2,17129.9,17769.2,8.74,8.74,44.02,45.33,49.92,51.23
2025-03-23 05:00:00+00:00,1108.725,4494.8,5294.5,254.8,11858.3,5022.2,3619.2,1423.25,20593.0,4549.25,17774.3,18231.9,10.1,10.1,45.58,46.31,46.53,48.06
2025-03-23 06:00:00+00:00,1033.1,4202.2,5009.4,850.0,11433.5,5027.2,3624.2,1425.5,21253.0,4635.7,18216.0,18639.3,15.0,15.0,45.4,47.99,43.4,44.26
2025-03-23 07:00:00+00:00,1063.025,3954.4,4846.4,3891.2,10740.3,5579.2,3629.2,1428.5,21023.0,4728.2,18522.2,19028.7,7.4,7.4,51.79,53.67,42.87,44.4
2025-03-23 08:00:00+00:00,1005.475,3923.0,4689.2,8349.1,8182.0,5584.2,3634.2,1430.75,22815.0,4999.55,19499.2,19996.4,3.52,3.52,54.12,56.0,45.25,47.33
2025-03-23 09:00:00+00:00,992.725,3954.9,4529.4,11359.0,7540.4,5589.2,3639.2,1433.25,24023.0,5251.075,20370.9,20889.3,0.65,0.65,54.83,55.1,48.39,48.93
2025-03-23 10:00:00+00:00,975.325,3949.5,4476.3,12582.4,7229.1,5594.2,3644.2,1436.0,25222.0,5332.35,20632.6,21165.8,0.54,0.54,55.57,54.32,52.11,51.57
2025-03-23 11:00:00+00:00,1008.5,3861.8,4446.7,13597.3,6871.1,5599.2,3649.2,1438.25,25184.0,5352.825,20696.2,21207.8,0.1,0.1,56.39,54.92,54.9,54.67
2025-03-23 12:00:00+00:00,1010.575,3901.4,4425.8,13981.4,6796.2,5604.2,3654.2,1455.75,25477.0,5435.55,21035.2,21537.3,0.5,0.5,64.38,58.1,59.81,60.36
2025-03-23 13:00:00+00:00,1007.725,3876.4,4405.2,14068.0,6745.8,5709.2,3759.2,1473.0,26240.0,5461.425,21098.7,21584.8,0.06,0.06,55.27,55.79,59.83,59.63
2025-03-23 14:00:00+00:00,1007.6,3765.8,4379.7,13315.1,6500.7,5814.2,3864.2,1490.5,25358.0,5275.875,20298.8,20795.2,0.0,0.0,51.99,52.83,56.86,56.96
2025-03-23 15:00:00+00:00,1009.425,3831.2,4423.4,12276.8,6696.7,5919.2,3969.2,1507.75,24955.0,5203.975,20076.0,20592.5,0.02,0.02,51.17,51.88,54.01,54.5
2025-03-23 16:00:00+00:00,1048.825,3951.4,4600.7,9662.8,7083.4,6024.2,4074.2,1503.75,24933.0,5294.625,20525.3,21096.3,3.52,3.52,67.14,64.31,64.26,63.93
2025-03-23 17:00:00+00:00,1271.975,5305.5,5788.5,4309.1,7628.8,6174.2,5397.1,1520.0,25495.0,5583.775,21770.7,22103.6,35.01,35.01,74.88,73.2,70.58,75.18
2025-03-23 18:00:00+00:00,1564.625,7713.5,7903.9,613.5,7897.5,6334.2,6334.2,1562.8,27928.0,5996.75,23240.9,23556.7,108.0,89.73,77.15,76.24,77.39,71.51
2025-03-23 19:00:00+00:00,2086.075,8268.4,8459.0,126.6,8155.6,6439.2,6439.2,1580.8,29915.0,6250.125,24429.1,24867.9,125.92,125.92,83.02,81.95,74.54,69.41
2025-03-23 20:00:00+00:00,1981.6,7841.9,8033.5,19.3,8341.6,6462.2,6462.2,1598.3,31906.0,6294.125,24304.2,24697.8,111.0,111.0,79.02,76.2,73.96,70.49
2025-03-23 21:00:00+00:00,1893.45,7414.8,7606.7,16.3,8505.9,6467.2,6467.2,1615.55,29762.0,6030.35,23002.6,23333.0,98.84,98.84,68.42,67.69,67.03,65.73
2025-03-23 22:00:00+00:00,1616.2,6802.4,6987.2,8.1,8163.2,6472.2,6472.2,1633.55,27602.0,5581.0,21698.2,21865.3,63.11,63.11,61.36,62.3,62.82,64.89
2025-03-23 23:00:00+00:00,1508.725,5323.5,5970.9,11.2,8865.7,6545.3,6545.3,1626.325,25107.0,5253.15,20271.1,20741.9,40.03,40.03,60.36,63.94,68.87,70.19
2025-03-24 00:00:00+00:00,1366.125,5125.7,5781.7,11.2,8804.0,6377.1,6377.1,1584.275,23243.0,4966.7,19321.1,19704.0,28.0,28.0,54.38,56.74,61.28,61.59
2025-03-24 01:00:00+00:00,1361.7,5118.1,5791.8,3.0,8809.1,6208.9,6208.9,1505.675,21685.0,4776.425,18737.7,19069.7,24.0,24.0,52.88,55.75,59.46,61.65
2025-03-24 02:00:00+00:00,1341.4,5083.9,5768.8,2.3,8692.1,6139.7,6139.7,1508.925,21540.0,4675.725,18367.8,18685.1,21.96,21.96,49.84,53.9,56.14,57.24
2025-03-24 03:00:00+00:00,1387.975,5222.0,5889.8,1.1,8719.6,6150.7,6150.7,1508.925,21402.0,4696.825,18451.4,18811.6,21.87,21.87,49.31,52.55,53.61,52.72
2025-03-24 04:00:00+00:00,1383.75,5314.3,5958.3,0.1,8758.6,6061.7,6061.7,1484.175,21680.0,4930.45,19414.4,19774.2,25.0,25.0,53.1,57.16,58.9,60.13
2025-03-24 05:00:00+00:00,1464.125,5677.3,6315.5,227.6,8750.3,6071.7,6071.7,1460.675,24525.0,5725.95,22544.8,22922.7,40.38,40.38,60.78,68.46,64.13,66.26
2025-03-24 06:00:00+00:00,1740.725,6468.6,7097.1,1449.8,8754.2,6080.7,6080.7,1484.175,29145.0,6486.075,26051.3,25918.1,61.51,61.51,74.03,75.92,65.54,63.78
2025-03-24 07:00:00+00:00,1595.15,6266.4,6925.3,7465.0,8075.2,6092.7,6092.7,1484.175,31506.0,7069.15,28272.0,28511.2,37.93,37.93,80.69,81.25,71.29,72.6
2025-03-24 08:00:00+00:00,1262.0,5396.0,5919.1,13984.7,7565.6,6100.7,6100.7,1491.675,34385.0,7270.875,28844.0,28924.7,20.19,20.19,78.14,79.47,72.64,74.55
2025-03-24 09:00:00+00:00,1224.675,5166.9,5540.7,17255.8,6447.1,6106.7,6106.7,1494.175,32457.0,7270.95,29044.0,29343.0,3.52,3.52,78.21,77.52,74.9,76.8
2025-03-24 10:00:00+00:00,1079.225,5047.6,5278.7,18114.1,5527.1,6106.7,6106.7,1496.675,31345.0,7200.0,28723.4,28821.1,0.65,0.65,76.86,74.19,76.4,75.57
2025-03-24 11:00:00+00:00,1071.525,5006.5,5224.9,17903.2,5724.5,6105.7,6105.7,1522.675,31114.0,7159.875,28512.4,28684.0,0.65,0.65,76.08,75.31,78.64,79.02
2025-03-24 12:00:00+00:00,1070.6,4983.2,5205.2,17620.2,6198.9,6106.7,6106.7,1526.675,30874.0,7105.35,28202.5,28472.8,2.0,2.0,78.4,77.0,82.65,83.23
2025-03-24 13:00:00+00:00,1058.65,4796.5,5183.5,16646.0,6652.8,6105.7,6105.7,1526.425,30029.0,6982.775,27650.0,28011.3,3.52,3.52,76.99,75.86,81.83,82.88
2025-03-24 14:00:00+00:00,1099.05,4851.1,5227.5,15388.9,7724.5,6104.7,6104.7,1526.175,30385.0,6894.0,27254.0,27780.6,3.52,3.52,73.89,73.28,76.74,78.52
2025-03-24 15:00:00+00:00,1168.3,4903.1,5268.6,13389.0,9312.9,6106.7,6106.7,1493.025,29599.0,6810.05,27214.1,27483.0,7.4,7.4,72.63,73.47,73.92,78.11
2025-03-24 16:00:00+00:00,1379.875,5542.4,5927.2,10050.4,9376.4,6105.7,6105.7,1492.675,30022.0,6915.75,27493.8,27780.4,23.79,23.79,80.36,82.2,80.14,84.9
2025-03-24 17:00:00+00:00,1599.55,6647.8,7091.9,4295.0,9666.0,6105.7,6105.7,1464.425,29852.0,6995.575,27675.7,27811.1,59.99,59.99,93.7,95.77,90.89,98.35
2025-03-24 18:00:00+00:00,2055.375,9527.9,9631.7,727.7,10048.0,6106.7,6106.7,1498.675,33224.0,7233.825,27722.6,28292.7,179.1,179.1,105.22,105.25,104.29,95.74
2025-03-24 19:00:00+00:00,2405.625,9528.0,9632.0,126.5,10296.6,6105.7,6105.7,1526.425,35946.0,7388.4,28744.8,29321.6,158.3,158.3,109.46,106.94,97.29,93.02
2025-03-24 20:00:00+00:00,2194.9,8448.6,8511.6,8.4,10510.0,6106.7,6106.7,1526.675,36308.0,7208.875,27827.0,28290.2,120.96,120.96,101.22,97.88,95.17,91.83
2025-03-24 21:00:00+00:00,2010.975,8030.8,8094.0,8.4,10498.0,6105.7,6105.7,1526.425,32542.0,6670.025,25465.8,25784.9,107.92,107.92,86.32,85.45,85.96,84.92
2025-03-24 22:00:00+00:00,1799.775,7072.8,7196.6,8.4,9922.2,6105.7,6105.7,1526.425,29453.0,6117.8,23617.0,23694.3,74.73,74.73,72.15,70.99,73.77,74.25
2025-03-24 23:00:00+00:00,1746.5,6426.2,7066.1,3.0,9451.2,6107.6,6107.6,1526.9,27100.0,5731.65,22809.0,22756.2,40.51,40.51,56.42,55.91,59.98,60.28
2025-03-25 00:00:00+00:00,1666.35,6318.1,6906.3,2.2,9427.3,6108.7,6108.7,1521.6,24767.0,5460.85,21786.1,21643.3,20.26,20.26,50.3,50.59,54.7,55.33
2025-03-25 01:00:00+00:00,1558.725,6241.5,6887.1,1.4,9409.9,6108.7,6108.7,1519.925,23704.0,5235.625,21189.7,20940.7,13.13,13.13,47.43,47.85,50.55,50.72
2025-03-25 02:00:00+00:00,1545.225,6197.6,6891.2,0.6,9401.2,6108.7,6108.7,1522.675,23434.0,5097.45,20777.1,20507.9,12.2,12.2,46.11,47.3,48.28,50.18
2025-03-25 03:00:00+00:00,1534.8,6196.9,6840.0,0.1,9330.3,6108.7,6108.7,1525.675,23076.0,5099.825,20813.3,20533.9,12.73,12.73,46.66,48.6,48.82,51.89
2025-03-25 04:00:00+00:00,1549.925,6285.5,6879.3,0.5,9296.8,6108.7,6108.7,1527.175,23339.0,5269.8,21300.1,21096.8,17.87,17.87,49.75,52.35,53.57,55.7
2025-03-25 05:00:00+00:00,1687.575,6840.4,7557.3,49.3,9015.5,6109.7,6109.7,1527.425,25252.0,5879.65,23666.9,23477.4,32.38,32.38,62.46,64.95,59.3,64.01
2025-03-25 06:00:00+00:00,1856.55,7450.5,8053.8,1290.3,9084.3,6108.7,6108.7,1527.175,30613.0,6600.575,26598.8,26412.9,90.99,90.99,76.81,74.88,63.76,63.3
2025-03-25 07:00:00+00:00,1744.275,6808.4,7398.2,7299.1,8644.6,6109.7,6109.7,1527.425,32021.0,7094.85,28929.2,28844.3,37.93,37.93,79.58,77.5,71.21,71.09
2025-03-25 08:00:00+00:00,1524.75,6183.2,6789.0,13990.8,7677.6,6108.7,6108.7,1527.175,32884.0,7254.7,29627.8,29492.7,4.96,4.96,73.09,70.63,67.93,65.7
2025-03-25 09:00:00+00:00,1386.175,5902.6,6145.5,17272.0,6855.7,6108.7,6108.7,1527.175,31709.0,7187.65,29571.1,29037.8,1.06,1.43,71.58,69.41,67.99,66.2
2025-03-25 10:00:00+00:00,1354.875,5748.1,6086.6,17576.3,6503.8,6108.7,6108.7,1527.175,28973.0,7113.45,29107.0,28617.5,0.0,0.0,70.11,67.97,70.13,67.42
2025-03-25 11:00:00+00:00,1347.95,5691.8,6032.7,17835.7,6193.2,6108.7,6108.7,1527.175,29398.0,7027.275,28880.1,28454.1,0.01,0.01,70.96,68.9,72.06,71.1
2025-03-25 12:00:00+00:00,1354.375,5692.6,6043.2,17707.5,6019.4,6108.7,6108.7,1527.175,29344.0,6969.875,28596.2,28192.5,0.1,0.1,71.91,70.01,75.42,74.28
2025-03-25 13:00:00+00:00,1350.975,5696.9,6037.2,17080.3,6096.8,6106.7,6106.7,1527.175,29436.0,6843.675,28108.7,27720.3,0.42,0.42,71.13,70.77,74.69,77.98
2025-03-25 14:00:00+00:00,1355.375,5679.7,6037.6,16438.1,6349.9,6106.7,6106.7,1527.175,29233.0,6754.475,27653.4,27239.7,1.03,1.03,60.2,68.43,69.81,73.77
2025-03-25 15:00:00+00:00,1368.775,5550.3,6031.8,14834.3,7486.2,6107.7,6107.7,1527.175,28755.0,6730.2,27650.5,27323.3,3.6,3.6,65.43,65.42,65.7,70.01
2025-03-25 16:00:00+00:00,1428.95,5721.8,6205.8,11662.6,8297.6,6106.7,6106.7,1526.675,29864.0,6862.85,27970.1,27744.7,12.2,12.2,72.55,73.58,71.63,75.58
2025-03-25 17:00:00+00:00,1760.475,7246.7,7735.0,5238.7,9212.3,6106.7,6106.7,1526.675,29244.0,7006.0,28104.9,27905.3,65.0,65.0,78.12,84.38,83.85,89.5
2025-03-25 18:00:00+00:00,2059.525,9230.4,9387.2,1215.6,9986.5,6107.7,6107.7,1527.175,32398.0,7200.85,28694.5,28645.7,160.86,160.86,92.06,99.92,99.3,92.94
2025-03-25 19:00:00+00:00,2294.25,9239.5,9441.1,488.1,10534.2,6107.7,6107.7,1527.175,34950.0,7464.725,29711.5,29684.0,158.84,158.84,94.89,98.42,89.05,84.48
2025-03-25 20:00:00+00:00,2241.2,8905.4,9107.0,15.3,10763.7,6107.7,6107.7,1527.175,35565.0,7227.55,28315.5,28417.5,128.4,128.4,89.6,91.46,88.51,86.98
2025-03-25 21:00:00+00:00,2169.925,8116.5,8318.1,12.3,10692.4,6106.7,6106.7,1527.175,31937.0,6635.8,26138.9,25907.9,104.25,104.25,76.97,77.39,78.91,78.35
2025-03-25 22:00:00+00:00,1992.775,7780.5,7937.3,12.3,10228.4,6108.7,6108.7,1527.175,30081.0,6095.825,23923.7,23782.8,99.0,99.0,69.58,69.95,70.88,69.1
2025-03-25 23:00:00+00:00,1706.15,6723.2,7699.5,4.0,9105.8,6108.7,6108.7,1527.0,26817.0,5713.475,22771.0,22834.7,47.39,47.39,53.56,55.52,58.8,60.23
2025-03-26 00:00:00+00:00,1656.25,6326.2,6920.3,4.0,8996.8,6109.7,6109.7,1527.25,24979.0,5380.525,21803.0,21806.6,30.0,30.0,47.7,50.48,54.01,56.34
2025-03-26 01:00:00+00:00,1656.55,6291.0,6870.9,4.0,8756.8,6109.7,6109.7,1527.25,23155.0,5190.4,20938.2,20978.8,15.85,15.85,46.05,49.26,52.27,58.01
2025-03-26 02:00:00+00:00,1626.425,6286.4,6859.9,4.0,8386.4,6108.7,6108.7,1527.0,22762.0,5119.875,20756.9,20784.7,15.8,15.8,42.72,44.67,46.27,47.69
2025-03-26 03:00:00+00:00,1608.225,6311.1,6888.6,4.0,8326.6,6109.7,6109.7,1527.25,22648.0,5098.625,20428.0,20399.7,20.08,20.08,42.89,44.99,45.49,46.81
2025-03-26 04:00:00+00:00,1604.65,6461.9,7039.7,4.0,8319.4,6109.7,6109.7,1527.25,22862.0,5273.175,21175.3,21221.1,28.6,28.6,44.71,46.7,48.21,47.5
2025-03-26 05:00:00+00:00,1827.025,7667.2,8226.4,102.5,8491.6,6109.7,6109.7,1527.25,24639.0,5927.7,23637.6,23671.4,60.0,60.0,56.1,57.47,51.09,49.17
2025-03-26 06:00:00+00:00,1981.8,7980.7,8536.8,1789.3,8527.5,6109.7,6109.7,1527.25,29450.0,6628.1,26400.4,26518.2,95.79,95.79,69.33,68.9,57.26,53.75
2025-03-26 07:00:00+00:00,1676.875,6644.1,7195.7,9186.8,8804.9,6110.7,6110.7,1527.675,32446.0,7092.75,29054.5,28732.8,21.7,21.7,68.03,70.01,60.3,64.26
2025-03-26 08:00:00+00:00,1480.4,6284.6,6902.4,16143.8,6832.2,6108.7,6108.7,1527.0,31919.0,7095.7,28624.7,28343.2,0.2,0.2,64.57,62.99,59.93,60.09
2025-03-26 09:00:00+00:00,1327.875,5908.4,6386.7,16986.2,6021.4,6109.7,6109.7,1527.25,30458.0,6987.575,27735.6,27635.1,-0.01,0.0,64.18,63.91,62.04,63.0
2025-03-26 10:00:00+00:00,1296.525,5681.9,6140.4,16319.5,5000.5,6109.7,6109.7,1527.25,28419.0,6856.3,27296.5,27391.5,-0.45,0.02,62.68,62.66,64.13,63.09
2025-03-26 11:00:00+00:00,1307.05,5641.9,6109.5,16312.3,4948.2,6109.7,6109.7,1527.875,28350.0,6784.0,27018.3,27107.3,-0.5,0.01,61.97,62.84,65.76,64.75
2025-03-26 12:00:00+00:00,1284.325,5653.7,6129.2,16135.5,5189.0,6108.7,6108.7,1527.625,27525.0,6724.175,26848.7,26903.4,-0.45,0.0,61.51,63.47,68.29,67.12
2025-03-26 13:00:00+00:00,1212.45,5615.0,6080.1,15543.2,5588.1,6107.7,6107.7,1527.375,27741.0,6616.95,26393.7,26411.0,-0.45,0.0,61.77,64.89,68.54,69.88
2025-03-26 14:00:00+00:00,1300.2,5629.4,6095.1,14629.3,6084.4,6107.7,6107.7,1527.375,28181.0,6524.075,25995.9,25984.8,-0.45,0.0,56.51,60.27,63.24,63.99
2025-03-26 15:00:00+00:00,1293.25,5655.1,6119.9,13868.1,6657.5,6107.7,6107.7,1527.375,27869.0,6505.275,25998.6,26041.3,-0.01,0.0,53.84,59.68,60.59,62.66
2025-03-26 16:00:00+00:00,1420.35,6115.5,6515.8,12788.1,7754.7,6106.7,6106.7,1527.125,28175.0,6617.375,26698.6,26613.0,0.0,0.02,59.98,62.58,62.28,66.45
2025-03-26 17:00:00+00:00,1634.075,6765.0,7168.7,5951.7,10835.2,6107.7,6107.7,1526.75,28307.0,6813.825,27345.9,27359.5,27.0,27.0,71.47,73.35,70.49,76.94
2025-03-26 18:00:00+00:00,2091.2,9212.8,9625.7,808.0,11338.3,6107.7,6107.7,1526.75,31032.0,7096.7,27988.1,28240.0,125.22,125.22,84.88,83.77,81.96,78.6
2025-03-26 19:00:00+00:00,2356.8,9263.8,9686.1,31.1,11578.6,6108.7,6108.7,1527.625,34597.0,7218.325,28753.5,29103.5,126.66,126.66,89.96,88.1,79.12,75.73
2025-03-26 20:00:00+00:00,2113.25,8337.0,8760.6,5.1,11538.4,6107.7,6107.7,1527.375,35169.0,7077.8,27947.7,28257.9,104.94,104.94,85.52,82.27,78.88,76.69
2025-03-26 21:00:00+00:00,2092.05,8365.9,8762.3,13.3,11281.3,6108.7,6108.7,1527.625,31977.0,6605.725,25689.2,25952.5,97.33,97.33,73.12,71.55,71.5,69.93
2025-03-26 22:00:00+00:00,1951.75,8186.9,8575.2,5.1,10865.1,6107.7,6107.7,1527.375,28692.0,6130.3,24303.0,24331.2,54.68,54.68,63.41,63.3,63.97,64.27
2025-03-26 23:00:00+00:00,1745.225,7251.0,7974.4,12.2,9371.1,5780.2,5105.2,1525.075,27057.0,5759.875,22212.3,22821.7,93.52,93.52,72.9,74.52,76.5,83.5
2025-03-27 00:00:00+00:00,1684.125,6800.6,7517.8,12.2,8951.3,5781.2,5106.2,1525.325,25405.0,5442.3,21223.4,21698.8,63.09,63.09,63.59,65.6,67.4,74.76
2025-03-27 01:00:00+00:00,1607.125,6496.1,7112.9,12.2,8570.4,5781.2,5106.2,1525.325,23124.0,5219.475,20456.0,20941.0,60.0,60.0,60.9,63.27,64.04,72.46
2025-03-27 02:00:00+00:00,1588.125,6330.4,6948.4,12.2,8259.8,5780.2,5105.2,1525.075,22803.0,5115.2,20178.8,20538.6,52.98,52.98,57.21,60.1,61.16,67.92
2025-03-27 03:00:00+00:00,1592.325,6350.2,6969.9,12.2,8051.8,5782.2,5107.2,1525.575,22021.0,5096.2,20088.8,20533.7,52.98,52.98,57.73,60.71,59.98,67.3
2025-03-27 04:00:00+00:00,1644.7,6609.6,7232.1,8.2,7951.1,5781.2,5106.2,1525.325,21835.0,5260.675,20728.4,21249.7,63.09,63.09,61.37,64.1,64.89,70.45
2025-03-27 05:00:00+00:00,1887.4,7738.5,8324.8,152.6,7887.3,6112.2,6112.2,1527.875,24337.0,5957.15,23321.2,23571.3,85.92,85.92,76.97,79.17,68.85,80.59
2025-03-27 06:00:00+00:00,1903.025,8681.1,9251.0,1723.1,7852.3,6112.2,6112.2,1527.875,30709.0,6633.825,26174.0,26582.9,125.03,125.03,86.12,86.3,73.3,71.88
2025-03-27 07:00:00+00:00,1792.075,7012.2,7610.4,8536.0,7636.7,6113.2,6113.2,1528.3,30447.0,7002.375,28271.2,28290.3,59.0,59.0,90.78,89.05,80.65,85.13
2025-03-27 08:00:00+00:00,1564.675,6296.3,6913.8,15664.4,6635.7,6086.2,5106.2,1525.325,31100.0,7027.375,28787.9,28863.5,3.52,3.52,81.48,79.1,76.87,75.06
2025-03-27 09:00:00+00:00,1390.425,5920.4,6299.1,18367.7,5493.6,6085.2,5105.2,1525.075,29936.0,7012.775,28485.0,28424.6,0.0,0.1,79.81,78.07,76.78,77.04
2025-03-27 10:00:00+00:00,1324.175,5938.3,6082.7,17898.4,4986.5,6087.2,5107.2,1525.575,28177.0,6879.3,27882.2,27893.5,-0.01,0.1,77.87,77.31,78.76,77.47
2025-03-27 11:00:00+00:00,1277.5,5874.9,6016.5,17903.6,5038.5,6086.2,5106.2,1525.1,28049.0,6851.95,27629.1,27650.9,-0.01,0.1,78.32,78.94,80.86,81.67
2025-03-27 12:00:00+00:00,1304.075,5658.0,6019.9,17711.3,5252.3,6085.2,5105.2,1524.85,29483.0,6774.375,27365.7,27416.6,-0.01,0.0,78.2,79.96,84.58,84.77
2025-03-27 13:00:00+00:00,1306.8,5638.7,5998.7,17226.3,5517.4,6084.2,5104.2,1524.6,27797.0,6669.625,26902.7,26948.0,-0.01,0.0,74.62,77.92,83.79,84.01
2025-03-27 14:00:00+00:00,1317.875,5582.4,6017.6,16024.1,5817.7,6084.2,5104.2,1524.6,28297.0,6558.7,26407.1,26489.4,-0.01,0.0,74.04,75.8,78.65,80.58
2025-03-27 15:00:00+00:00,1320.15,5594.9,6023.7,14738.7,6568.8,6084.2,5104.2,1524.6,27216.0,6524.25,26284.7,26479.4,0.0,0.0,74.44,75.77,76.09,79.46
2025-03-27 16:00:00+00:00,1415.175,5998.3,6389.3,12657.2,7584.2,6083.2,5103.2,1524.35,27776.0,6636.175,27004.5,27004.2,0.65,0.65,77.94,79.54,78.92,83.81
2025-03-27 17:00:00+00:00,1734.95,7007.8,7526.8,6002.4,9610.0,6084.2,5104.2,1524.6,28837.0,6862.375,27147.2,27428.4,47.81,47.81,93.38,92.15,89.52,99.38
2025-03-27 18:00:00+00:00,1869.3,9191.8,9720.7,1002.4,10110.1,6110.2,6110.2,1527.15,31469.0,7128.675,27148.4,27401.9,150.0,150.0,107.62,106.88,103.86,102.82
2025-03-27 19:00:00+00:00,2179.175,9227.0,9639.7,296.8,10376.8,6111.2,6111.2,1527.625,33260.0,7159.9,28153.0,28470.7,135.57,135.57,109.12,106.94,97.39,94.56
2025-03-27 20:00:00+00:00,2129.85,8224.1,8623.8,102.6,10322.0,6111.2,6111.2,1527.4,34933.0,7079.675,27375.2,27766.9,117.75,117.75,103.54,100.04,96.59,96.34
2025-03-27 21:00:00+00:00,1983.4,8159.5,8581.3,13.3,10063.5,6110.2,6110.2,1527.15,31884.0,6577.1,25274.4,25592.2,106.1,106.1,89.96,87.27,87.77,88.68
2025-03-27 22:00:00+00:00,1931.775,7879.2,8296.4,13.3,9788.8,6111.2,6111.2,1527.4,29733.0,6082.75,23345.2,23564.9,93.2,93.2,79.02,79.79,83.23,84.31
2025-03-27 23:00:00+00:00,1785.05,7059.5,7413.5,12.2,10280.1,6107.3,6107.3,1526.825,25983.0,5751.5,22165.9,22810.8,51.4,51.4,41.76,44.43,48.55,48.78
2025-03-28 00:00:00+00:00,1590.925,6200.8,6477.5,4.0,10003.2,6107.3,6107.3,1526.825,24114.0,5439.925,20941.1,21616.8,37.0,37.0,36.56,38.94,42.97,41.96
2025-03-28 01:00:00+00:00,1533.35,6054.5,6322.0,4.0,9557.3,6108.3,6108.3,1527.075,22458.0,5236.2,20298.2,20810.4,21.61,21.61,33.47,35.38,38.09,36.96
2025-03-28 02:00:00+00:00,1515.475,6050.2,6311.1,4.0,9234.1,6107.3,6107.3,1526.825,22187.0,5132.3,19991.6,20609.2,20.8,20.8,32.54,34.78,37.02,36.18
2025-03-28 03:00:00+00:00,1515.475,6077.3,6346.4,4.1,9017.3,6109.3,6109.3,1527.325,22287.0,5100.9,19974.4,20488.7,20.8,20.8,32.14,34.45,35.61,34.68
2025-03-28 04:00:00+00:00,1572.7,6183.8,6441.2,0.2,9114.4,6107.3,6107.3,1526.825,22228.0,5274.775,20568.8,21213.1,29.5,29.5,35.01,37.56,40.47,38.99
2025-03-28 05:00:00+00:00,1754.5,7109.8,7381.2,141.9,9271.0,6109.3,6109.3,1527.325,24564.0,5936.575,23364.9,23834.5,51.4,51.4,43.07,46.31,44.07,43.96
2025-03-28 06:00:00+00:00,1888.675,7874.7,8158.1,2074.5,9291.0,6108.3,6108.3,1527.075,29196.0,6576.9,26491.9,26766.7,86.9,86.9,50.58,52.8,44.19,40.36
2025-03-28 07:00:00+00:00,1634.075,6319.3,6585.1,9820.9,9411.1,6108.3,6108.3,1527.075,30582.0,6947.15,28214.7,28401.6,20.08,20.08,52.14,52.16,47.11,49.55
2025-03-28 08:00:00+00:00,1358.825,6077.4,6078.0,16882.1,7278.0,6108.3,6108.3,1527.075,30592.0,7007.175,28001.1,28296.5,0.02,0.02,48.34,47.91,45.05,44.64
2025-03-28 09:00:00+00:00,1236.85,5721.6,5721.6,17259.5,6570.9,6108.3,6108.3,1527.075,29118.0,6864.975,27043.1,27487.9,-0.4,0.0,47.79,47.25,45.36,45.25
2025-03-28 10:00:00+00:00,1176.775,5654.5,5654.4,17053.9,5728.7,6108.3,6108.3,1527.075,27407.0,6680.75,26330.2,26723.3,-1.0,0.0,47.1,46.46,46.98,46.48
2025-03-28 11:00:00+00:00,1160.4,5541.6,5541.5,16840.3,5680.7,6107.3,6107.3,1526.4,26359.0,6619.925,25922.4,26297.8,-1.02,0.0,47.61,46.72,48.32,49.52
2025-03-28 12:00:00+00:00,1173.225,5547.2,5547.1,16747.3,5746.6,6107.3,6107.3,1526.4,26928.0,6568.75,25681.1,26045.5,-1.04,-0.02,47.68,47.12,50.77,51.56
2025-03-28 13:00:00+00:00,1146.4,5520.1,5520.1,16534.0,5759.8,6106.3,6106.3,1526.15,26362.0,6469.825,25211.5,25603.6,-1.2,-0.1,46.71,46.77,50.1,51.64
2025-03-28 14:00:00+00:00,1095.325,5562.4,5562.4,15574.8,5108.1,6105.3,6105.3,1525.9,26100.0,6303.05,24942.6,25279.2,-1.24,-0.02,45.84,44.97,46.46,48.54
2025-03-28 15:00:00+00:00,983.35,5577.3,5577.3,14646.3,5882.4,6104.3,6104.3,1525.65,25111.0,6278.7,24952.1,25250.3,-1.24,-0.02,44.99,44.39,44.38,46.9
2025-03-28 16:00:00+00:00,1113.05,5768.8,5769.4,12826.4,7990.2,6105.3,6105.3,1525.9,25760.0,6378.975,25439.5,25755.5,-0.62,0.0,48.17,47.21,46.56,51.82
2025-03-28 17:00:00+00:00,1416.85,6353.6,6645.3,7468.2,12397.4,6105.3,6105.3,1525.9,26485.0,6691.875,26843.6,27095.3,3.52,3.52,51.74,50.26,49.51,54.48
2025-03-28 18:00:00+00:00,1871.9,7993.3,8252.3,1153.4,14515.8,6105.3,6105.3,1525.9,29518.0,7013.8,27963.9,27894.3,62.0,62.0,62.56,61.65,59.54,61.54
2025-03-28 19:00:00+00:00,2059.175,8200.7,8468.9,0.1,14763.3,6105.3,6105.3,1525.9,31721.0,7071.45,28406.1,28452.3,85.36,85.36,63.04,62.05,54.64,53.8
2025-03-28 20:00:00+00:00,2054.475,7881.5,8123.9,5.1,14788.1,6107.3,6107.3,1526.4,33087.0,6912.825,27671.2,27733.5,63.53,63.53,60.04,58.44,56.17,56.91
2025-03-28 21:00:00+00:00,1862.775,7762.9,8051.7,5.1,14424.2,6105.3,6105.3,1525.9,30154.0,6508.15,25239.9,25420.8,50.0,50.0,52.59,52.2,54.33,55.65
2025-03-28 22:00:00+00:00,1794.675,7355.3,7592.2,5.1,14172.9,6107.3,6107.3,1526.4,27294.0,6002.25,23635.2,23721.1,20.8,20.8,45.11,45.63,48.46,50.76
2025-03-28 23:00:00+00:00,1466.525,6256.5,6692.6,5.1,14417.2,4576.3,4103.3,1506.775,25437.0,5595.625,21645.3,22218.8,13.29,13.29,24.75,25.49,26.27,25.51
2025-03-29 00:00:00+00:00,1387.1,5966.3,6403.4,5.1,14267.8,4262.1,3789.1,1356.775,24080.0,5265.425,20447.5,21061.5,10.63,10.63,22.98,24.19,25.23,24.85
2025-03-29 01:00:00+00:00,1327.6,5723.3,6161.3,4.0,14009.9,4066.7,3593.7,1344.875,22191.0,5018.525,19451.1,20108.2,7.0,7.0,22.37,23.95,25.51,25.91
2025-03-29 02:00:00+00:00,1259.05,5650.8,6088.2,1.7,13676.6,4065.7,3592.7,1344.625,21565.0,4861.325,18923.1,19500.9,5.0,5.0,19.85,21.16,21.1,20.0
2025-03-29 03:00:00+00:00,1260.875,5643.1,6069.1,1.7,13509.5,4066.7,3593.7,1344.875,21007.0,4789.725,18615.1,19185.9,4.96,4.96,20.0,21.42,21.6,20.84
2025-03-29 04:00:00+00:00,1301.6,5668.6,6082.7,1.7,13479.4,4066.7,3593.7,1344.875,20934.0,4766.2,18566.0,19171.5,4.96,4.96,20.23,21.63,22.73,21.39
2025-03-29 05:00:00+00:00,1299.325,5708.8,6154.3,247.7,13822.1,4066.7,3593.7,1344.875,21393.0,4919.25,19150.0,19682.0,5.0,5.0,21.7,22.8,21.56,20.97
2025-03-29 06:00:00+00:00,1259.0,5427.5,5909.0,2495.0,12523.5,4066.7,3593.7,1344.875,22800.0,5025.0,19733.8,20226.7,3.52,3.52,24.08,24.22,20.51,20.09
2025-03-29 07:00:00+00:00,1120.225,4948.5,5585.7,9759.9,10101.6,5171.6,3594.7,1345.125,23362.0,5252.4,20810.0,21097.9,0.0,0.0,29.26,30.22,23.75,31.29
2025-03-29 08:00:00+00:00,709.55,4699.0,5428.6,13420.8,8183.5,5292.7,3592.7,1344.625,24012.0,5556.525,21946.9,22104.3,-1.01,-1.01,29.28,29.87,23.69,24.95
2025-03-29 09:00:00+00:00,652.925,4538.2,5291.6,15057.5,6021.6,4746.7,2423.9,1344.875,23901.0,5709.65,22280.0,22530.2,-2.0,0.87,31.03,31.25,25.56,27.85
2025-03-29 10:00:00+00:00,602.5,4595.2,5254.5,14145.0,5956.6,5041.7,3239.7,1344.875,23164.0,5694.175,22245.0,22491.9,-2.0,1.1,29.42,29.94,26.55,26.84
2025-03-29 11:00:00+00:00,557.675,4121.2,5204.0,15619.8,6030.4,4746.7,1678.9,1344.625,22718.0,5628.575,21927.1,22171.3,-2.0,0.87,29.22,29.93,27.35,27.86
2025-03-29 12:00:00+00:00,561.425,3776.0,5143.1,16196.3,6167.8,4746.7,1298.1,1344.625,23304.0,5633.475,21958.2,22173.9,-2.0,0.5,31.22,32.02,29.44,30.92
2025-03-29 13:00:00+00:00,559.2,3538.4,5135.3,15764.0,6407.9,4746.7,1246.7,1344.375,22933.0,5547.3,21543.8,21771.6,-2.2,0.1,30.99,31.83,29.32,31.21
2025-03-29 14:00:00+00:00,610.875,3425.8,5133.0,15117.1,6497.0,4746.7,1246.7,1344.125,21856.0,5374.125,20842.3,21069.8,-2.2,0.1,30.34,30.94,29.09,31.27
2025-03-29 15:00:00+00:00,554.9,3245.1,5134.8,14045.5,6658.5,4746.7,1246.7,1344.125,20821.0,5285.1,20518.3,20802.7,-2.2,0.1,29.33,29.8,28.08,29.76
2025-03-29 16:00:00+00:00,683.175,4499.2,5254.9,11983.8,7119.6,4969.5,3080.9,1344.375,21239.0,5371.05,20861.4,21195.5,-2.0,0.02,29.08,29.83,28.19,30.47
2025-03-29 17:00:00+00:00,777.725,5171.5,5774.8,7368.6,12059.1,5290.7,3590.7,1344.125,22358.0,5654.45,21941.6,22299.4,0.0,0.0,35.74,36.62,34.0,45.88
2025-03-29 18:00:00+00:00,1335.9,6070.7,6215.6,1320.8,17643.2,5291.7,3591.7,1344.375,25363.0,6081.675,23776.5,24139.5,11.13,11.13,33.99,33.49,32.74,33.39
2025-03-29 19:00:00+00:00,1650.95,6903.0,7093.1,2.3,18246.7,5291.7,3591.7,1344.375,28078.0,6313.425,25168.5,25237.4,20.16,20.16,36.91,36.84,34.7,37.69
2025-03-29 20:00:00+00:00,1633.05,6909.0,7099.1,5.1,18292.8,5291.7,3591.7,1344.375,29547.0,6287.675,24936.6,25040.8,18.58,18.58,34.55,34.16,33.24,34.55
2025-03-29 21:00:00+00:00,1592.475,6302.0,6447.8,5.1,17676.7,5291.7,3591.7,1344.375,27257.0,5916.0,23162.7,23441.2,11.13,11.13,30.65,30.6,31.15,32.98
2025-03-29 22:00:00+00:00,1457.475,6022.7,6167.6,5.1,16327.2,5291.7,3591.7,1344.375,25695.0,5504.75,21422.4,21747.0,6.0,6.0,26.04,26.28,27.27,26.87
2025-03-29 23:00:00+00:00,1098.75,5013.0,5614.9,5.1,14999.1,4066.7,3593.7,1344.875,23928.0,5127.925,19543.4,20374.6,3.6,3.6,26.23,25.92,28.01,27.64
2025-03-30 00:00:00+00:00,1054.675,4592.4,5126.6,4.8,12706.2,4066.7,3593.7,1344.875,21394.0,4758.325,18068.5,18842.2,3.2,3.2,24.35,25.54,27.42,26.38
2025-03-30 01:00:00+00:00,958.45,4479.3,5092.1,4.6,11744.9,4066.7,3593.7,1344.875,20517.0,4424.525,17003.7,17727.8,0.65,0.65,22.54,23.92,25.2,23.69
2025-03-30 02:00:00+00:00,929.925,4661.0,5081.7,4.6,11499.8,4066.7,3593.7,1344.875,20227.0,4425.425,16750.9,17470.6,0.1,0.1,22.63,24.2,26.16,26.08
2025-03-30 03:00:00+00:00,949.525,4754.0,5065.0,4.6,11514.2,4067.7,3594.7,1345.125,20006.0,4491.0,16829.5,17523.0,0.09,0.09,22.55,23.81,26.85,25.66
2025-03-30 04:00:00+00:00,882.575,4799.8,5103.4,6.1,11560.3,4066.7,3593.7,1344.875,19673.0,4587.0,17182.2,17888.4,0.17,0.17,22.84,23.78,23.82,22.96
2025-03-30 05:00:00+00:00,837.65,4955.0,5103.2,488.4,11497.7,4067.7,3594.7,1345.125,20787.0,4596.925,17586.1,18255.5,0.13,0.13,24.01,25.87,24.71,26.32
2025-03-30 06:00:00+00:00,948.65,4212.3,4922.3,2870.6,10751.5,5288.7,3593.7,1344.875,19959.0,4720.55,17709.8,18340.8,0.0,0.0,25.31,24.96,20.91,21.05
2025-03-30 07:00:00+00:00,732.05,3934.8,4117.7,8471.1,8033.0,5289.7,3594.7,1345.125,20228.0,4881.6,18299.4,18760.1,-1.53,-1.53,29.51,29.8,25.02,32.92
2025-03-30 08:00:00+00:00,608.65,3226.7,3903.3,13201.7,6022.7,5195.7,2300.7,1344.875,22334.0,4960.325,18849.8,19243.4,-2.31,-2.31,30.59,30.27,23.5,28.15
2025-03-30 09:00:00+00:00,585.8,2667.6,3251.2,14986.3,5419.6,4809.5,2300.7,1344.875,22516.0,4986.05,19213.7,19501.0,-3.8,-3.8,33.31,32.35,25.23,31.2
2025-03-30 10:00:00+00:00,589.925,2665.2,3243.0,15635.2,5304.2,4782.0,2273.1,1345.125,21934.0,5084.575,19318.1,19566.1,-4.0,-4.0,70.43,52.46,38.27,69.57
2025-03-30 11:00:00+00:00,574.925,2651.3,3224.8,14895.5,4783.5,4741.7,2179.7,1344.875,21040.0,5138.05,19676.4,19876.1,-4.0,-3.43,51.44,40.02,35.46,47.97
2025-03-30 12:00:00+00:00,551.475,2574.8,3206.6,14420.6,4198.0,4741.7,2293.2,1344.875,21111.0,5003.3,19932.3,20118.0,-5.0,-3.43,58.93,44.56,39.48,48.23
2025-03-30 13:00:00+00:00,446.9,2023.2,3147.3,12977.3,3041.1,4741.7,2029.5,1344.375,19519.0,4885.4,19244.7,19582.5,-5.21,-2.03,88.88,62.34,43.91,74.59
2025-03-30 14:00:00+00:00,540.4,2466.2,3211.9,14526.8,4738.3,4741.7,1987.4,1344.375,19153.0,4978.5,18803.6,19106.0,-4.0,-2.0,40.5,36.32,30.81,38.31
2025-03-30 15:00:00+00:00,553.4,2548.3,3237.5,14303.6,5099.8,4741.7,2260.0,1344.125,19338.0,5127.3,19261.4,19726.1,-3.0,-1.51,47.52,40.92,36.54,51.11
2025-03-30 16:00:00+00:00,604.55,3160.3,3702.0,12226.9,5634.7,5272.3,3577.3,1344.125,19982.0,5583.975,19922.7,20582.7,-2.2,-1.51,32.44,31.64,31.64,36.39
2025-03-30 17:00:00+00:00,955.575,5380.4,5797.1,8398.6,10110.6,5286.7,3591.7,1344.375,21758.0,6034.075,21748.5,22232.4,0.02,0.02,35.14,33.68,33.78,38.81
2025-03-30 18:00:00+00:00,1411.975,6272.9,6505.6,1520.6,13614.8,5285.7,3590.7,1344.125,25481.0,6271.175,23504.2,24068.9,25.46,25.46,40.39,40.6,33.74,36.34
2025-03-30 19:00:00+00:00,1649.8,6483.5,6614.5,8.3,14222.3,5332.7,5060.0,1344.625,29106.0,5990.15,24340.1,24815.8,35.01,35.01,38.79,38.56,34.47,33.02
2025-03-30 20:00:00+00:00,1635.2,6356.1,6588.9,5.1,14456.5,5286.7,3591.7,1344.375,28457.0,5519.9,22976.4,23580.9,25.63,25.63,35.78,36.01,33.43,32.28
2025-03-30 21:00:00+00:00,1477.175,6276.8,6489.6,5.1,14147.9,5287.7,3592.7,1344.625,25817.0,25817.0,21098.7,21702.8,10.63,10.63,28.27,28.84,29.63,28.46
2025-03-30 22:00:00+00:00,1352.175,5398.7,5837.5,0.1,11142.4,5387.7,5387.7,1344.375,24371.0,5111.275,20302.5,20577.6,0.65,0.65,43.68,43.39,50.6,52.45
2025-03-30 23:00:00+00:00,1238.75,4986.7,5425.0,0.1,10938.3,5388.7,5388.7,1344.625,22401.0,4837.775,19133.4,19305.4,2.0,2.0,40.33,40.66,46.59,48.78
2025-03-31 00:00:00+00:00,971.65,4018.6,4461.9,0.1,10635.6,5389.7,5389.7,1344.875,20965.0,4685.225,18452.9,18720.8,3.0,3.0,38.78,39.76,44.19,46.9
2025-03-31 01:00:00+00:00,986.25,4032.9,4474.9,0.1,9852.9,5388.7,5388.7,1344.625,20776.0,4588.975,18113.8,18417.4,0.65,0.65,37.06,38.1,41.91,43.41
2025-03-31 02:00:00+00:00,996.925,4130.5,4569.7,0.1,9357.5,5389.7,5389.7,1344.875,19491.0,4599.825,18193.4,18494.3,0.65,0.65,36.82,38.04,41.57,43.11
2025-03-31 03:00:00+00:00,1089.875,4749.2,5185.7,0.1,9634.0,5389.7,5389.7,1344.875,20500.0,4803.85,19137.7,19371.8,1.0,1.0,38.73,39.65,43.61,44.37
2025-03-31 04:00:00+00:00,1385.675,5692.5,6097.0,200.5,10797.0,5390.7,5390.7,1345.125,22691.0,5481.875,22165.0,22381.0,7.44,7.44,47.24,49.1,55.85,58.1
2025-03-31 05:00:00+00:00,1553.85,6589.2,6763.0,250.3,10527.7,5389.7,5389.7,1344.875,27747.0,6299.225,25580.0,25457.3,40.03,20.0,57.54,56.75,53.23,52.93
2025-03-31 06:00:00+00:00,1639.0,6486.6,6661.0,2892.7,9745.3,5390.7,5390.7,1347.675,31354.0,6710.575,27123.2,27118.3,41.26,40.16,61.4,58.9,53.25,51.27
2025-03-31 07:00:00+00:00,1131.55,4875.2,5080.0,11307.2,7962.6,5426.3,5426.3,1354.025,30631.0,6755.275,27171.8,27360.5,0.15,0.15,61.14,58.62,56.65,61.57
2025-03-31 08:00:00+00:00,773.65,3482.6,3737.7,16604.3,5254.6,5487.3,5487.3,1363.625,28191.0,6668.125,26610.9,26673.2,-0.01,-0.01,59.16,56.38,53.69,55.23
2025-03-31 09:00:00+00:00,685.875,3300.4,3515.2,17524.5,4366.7,5547.3,5547.3,1378.625,29800.0,6579.025,26030.7,26157.8,-0.31,-0.1,57.56,55.1,54.32,53.63
2025-03-31 10:00:00+00:00,650.525,3116.0,3418.6,17777.7,3772.7,5606.3,5606.3,1393.375,29564.0,6460.625,25673.2,25663.0,-0.66,-0.1,57.62,55.7,56.53,55.79
2025-03-31 11:00:00+00:00,627.225,3043.6,3419.3,17955.5,3641.8,5665.3,5665.3,1408.125,27817.0,6389.35,25473.7,25574.7,-0.62,-0.1,58.47,57.22,60.37,59.73
2025-03-31 12:00:00+00:00,646.15,3024.4,3405.0,17840.8,3448.0,5724.3,5724.3,1422.875,26065.0,6276.725,25023.4,25075.0,-0.62,-0.02,55.7,55.88,59.91,59.4
2025-03-31 13:00:00+00:00,673.825,3014.1,3396.0,17146.1,2824.8,5781.3,5781.3,1437.125,24901.0,6181.275,24671.6,24726.8,-1.0,0.0,54.11,54.09,56.18,58.36
2025-03-31 14:00:00+00:00,620.675,2973.7,3399.8,16779.8,2627.6,5841.3,5841.3,1452.125,23799.0,6169.8,24474.3,24556.8,-0.99,0.02,59.57,56.6,58.18,67.28
2025-03-31 15:00:00+00:00,660.6,3181.5,3567.6,16972.8,2871.1,5901.3,5901.3,1467.125,25048.0,6293.475,25238.4,25242.3,-0.01,0.12,60.82,59.42,60.85,69.26
2025-03-31 16:00:00+00:00,936.6,4360.7,4532.3,15945.3,2958.3,5961.3,5961.3,1482.125,24519.0,6408.15,26090.1,25876.1,0.2,0.2,59.34,59.14,60.8,67.52
2025-03-31 17:00:00+00:00,1654.6,7046.4,7101.7,8050.0,3622.0,6021.3,6021.3,1497.125,27678.0,6662.3,26474.6,26457.7,55.0,55.0,82.24,77.72,85.95,98.72
2025-03-31 18:00:00+00:00,1929.0,9074.5,9129.8,1266.8,3897.1,6082.9,6082.9,1518.175,30804.0,6819.25,26405.4,26845.9,146.79,146.79,117.5,113.51,149.79,179.12
2025-03-31 19:00:00+00:00,1973.725,9262.8,9318.1,13.6,3782.4,6104.5,6104.5,1523.575,32887.0,6866.225,26216.4,26793.7,197.25,197.25,84.74,87.89,72.83,68.47
2025-03-31 20:00:00+00:00,1846.725,8212.2,8247.7,17.3,3243.7,6104.5,6104.5,1523.575,29752.0,6316.625,24025.1,24399.6,119.85,119.85,71.1,71.0,68.43,70.06
2025-03-31 21:00:00+00:00,1727.05,7199.2,7234.6,17.3,2812.3,6105.5,6105.5,1523.825,28437.0,5782.6,22226.0,22439.3,95.01,95.01,60.74,63.81,67.72,73.08
2025-03-31 22:00:00+00:00,1711.45,6716.4,7185.6,8.2,2968.5,6105.5,6105.5,1526.375,25826.0,5582.375,21438.9,22172.7,90.0,90.0,41.49,42.42,42.73,46.87
2025-03-31 23:00:00+00:00,1473.4,6042.0,6617.6,12.2,2793.2,6106.5,6106.5,1526.625,23779.0,5303.475,20428.7,21145.4,75.78,75.78,38.04,38.68,38.25,44.31
2025-04-01 00:00:00+00:00,1349.15,5408.7,5984.6,12.2,2833.2,6106.5,6106.5,1526.625,22107.0,5056.025,19548.6,20200.7,70.03,70.03,35.97,36.82,35.62,42.72
2025-04-01 01:00:00+00:00,1340.175,5398.5,5976.0,12.2,2797.4,6107.5,6107.5,1526.875,21793.0,4972.5,19310.4,19907.9,60.48,60.48,32.72,34.01,32.99,37.64
2025-04-01 02:00:00+00:00,1374.325,5478.7,6050.3,12.2,2755.5,6107.5,6107.5,1526.875,21843.0,4965.65,19328.5,19890.9,61.59,61.59,32.58,34.06,33.85,37.22
2025-04-01 03:00:00+00:00,1393.125,5610.3,6194.7,12.3,2651.0,6108.5,6108.5,1527.125,21514.0,5107.6,19971.7,20539.1,68.2,68.2,33.17,34.82,34.39,35.45
2025-04-01 04:00:00+00:00,1651.85,6922.4,7331.4,200.6,2584.4,6108.5,6108.5,1527.125,23700.0,5656.0,22296.8,22676.4,84.2,84.2,39.62,41.33,36.21,37.36
2025-04-01 05:00:00+00:00,1695.175,8122.5,8438.0,347.8,2525.2,6107.5,6107.5,1526.875,28686.0,6337.575,24960.3,25234.7,155.5,155.5,51.23,53.51,39.66,36.59
2025-04-01 06:00:00+00:00,1920.65,8043.3,8401.0,2236.0,2393.1,6109.5,6109.5,1527.375,30305.0,6688.325,26283.3,26645.2,159.37,159.37,54.99,55.44,42.67,40.63
2025-04-01 07:00:00+00:00,1529.075,6330.5,6679.2,8165.9,1922.5,6107.5,6107.5,1526.875,29897.0,6742.15,26823.7,26948.5,87.97,87.97,51.68,49.91,41.77,44.0
2025-04-01 08:00:00+00:00,930.625,3018.8,3419.9,13718.1,1474.3,6107.5,6107.5,1526.875,28600.0,6648.775,26574.5,26645.1,38.1,38.1,50.55,45.88,40.64,47.12
2025-04-01 09:00:00+00:00,646.225,2889.0,3230.5,16561.0,1247.9,6107.5,6107.5,1526.875,28867.0,6501.925,26471.7,26294.6,5.2,12.0,43.14,40.08,40.68,40.23
2025-04-01 10:00:00+00:00,644.125,2819.5,3179.3,16841.0,1125.4,6107.5,6107.5,1526.875,26656.0,6394.775,26139.8,25917.5,0.0,8.26,41.58,39.36,41.55,41.8
2025-04-01 11:00:00+00:00,642.275,2790.1,3140.2,16567.9,1265.0,6104.5,6104.5,1526.125,24551.0,6289.725,25680.6,25390.3,0.0,6.48,42.06,40.06,43.65,43.99
2025-04-01 12:00:00+00:00,660.7,2753.8,3112.4,15875.3,1541.2,6102.5,6102.5,1525.625,25775.0,6197.95,25091.0,24930.4,-0.01,5.8,39.73,38.99,43.37,42.93
2025-04-01 13:00:00+00:00,608.65,2741.1,3098.5,15455.6,1927.6,6100.5,6100.5,1525.125,25461.0,6104.35,24654.4,24451.3,-0.07,6.38,37.47,37.56,39.98,40.61
2025-04-01 14:00:00+00:00,614.95,2755.8,3119.7,14819.0,2346.7,6100.5,6100.5,1525.125,24753.0,6110.35,24751.5,24575.8,-0.01,6.38,36.09,36.8,37.46,39.62
2025-04-01 15:00:00+00:00,679.725,2909.6,3261.6,13964.2,2804.6,6099.5,6099.5,1524.875,23794.0,6192.725,25033.4,24932.5,-0.01,6.59,36.01,37.77,38.15,40.11
2025-04-01 16:00:00+00:00,1080.95,5072.3,5419.4,11805.2,4494.4,6099.5,6099.5,1524.875,24257.0,6433.075,25519.1,25662.5,17.9,18.41,48.57,45.61,45.28,53.09
2025-04-01 17:00:00+00:00,1609.425,7159.8,7266.5,5377.4,4912.2,6100.5,6100.5,1525.125,26396.0,6643.275,26342.7,26584.4,53.71,53.71,64.34,60.63,63.09,68.96
2025-04-01 18:00:00+00:00,1726.65,7960.5,8029.3,720.9,5704.9,6101.5,6101.5,1525.375,26598.0,6829.325,26545.8,27129.5,114.96,114.96,61.37,60.24,55.27,54.35
2025-04-01 19:00:00+00:00,2230.925,8597.0,8665.8,93.5,6158.4,6102.5,6102.5,1525.625,31549.0,6867.575,26437.9,26913.0,120.93,120.93,60.36,60.05,52.25,55.16
2025-04-01 20:00:00+00:00,1998.45,7843.3,7944.4,5.3,6353.3,6102.5,6102.5,1525.625,29777.0,6423.15,24798.8,25263.4,84.2,84.2,48.88,48.84,47.97,47.36
2025-04-01 21:00:00+00:00,1841.25,7276.0,7376.5,5.3,6295.0,6104.5,6104.5,1526.125,26796.0,5888.525,22942.6,23254.2,58.44,58.44,42.23,43.39,45.61,46.94
2025-04-01 22:00:00+00:00,1558.625,6271.1,6678.2,6678.2,6103.6,6108.0,6108.0,1524.45,25047.0,5534.7,21687.3,21855.4,38.11,38.11,39.74,40.25,44.1,44.19
2025-04-01 23:00:00+00:00,1403.95,5872.5,6360.7,6360.7,6088.1,6108.0,6108.0,1524.45,23562.0,5250.1,20749.6,20826.5,26.34,26.34,35.57,37.0,41.89,42.2

